timestamp,ciudad,pais,temperatura_actual,sensacion_termica,temperatura_minima,temperatura_maxima,presion,humedad,descripcion_clima,estado_clima,velocidad_viento,direccion_viento,nubosidad,visibilidad,latitud,longitud
2025-08-03 15:52:42,Dublin,IE,16.64,16.45,16.36,17,1018,80,muy nuboso,Clouds,3.6,230,75,10000,53.344,-6.2672
2025-08-03 16:29:00,Dublin,IE,16.3,16.13,15.36,16.88,1018,82,lluvia ligera,Rain,2.57,240,75,10000,53.344,-6.2672
2025-08-03 16:30:00,Dublin,IE,16.3,16.13,15.36,16.88,1018,82,lluvia ligera,Rain,2.57,240,75,10000,53.344,-6.2672
2025-08-03 16:31:00,Dublin,IE,16.14,15.92,15.36,16.81,1018,81,lluvia ligera,Rain,2.57,240,75,10000,53.344,-6.2672
2025-08-03 16:32:02,Dublin,IE,16.14,15.92,15.36,16.81,1018,81,lluvia ligera,Rain,2.57,240,75,10000,53.344,-6.2672
2025-08-03 16:33:02,Dublin,IE,16.3,16.1,15.36,16.88,1018,81,lluvia ligera,Rain,2.57,240,75,10000,53.344,-6.2672
2025-08-03 16:34:00,Dublin,IE,16.3,16.1,15.36,16.88,1018,81,lluvia ligera,Rain,2.57,240,75,10000,53.344,-6.2672
2025-08-03 16:35:00,Dublin,IE,16.3,16.1,15.36,16.88,1018,81,lluvia ligera,Rain,2.57,240,75,10000,53.344,-6.2672
2025-08-03 16:36:01,Dublin,IE,16.3,16.1,15.36,16.88,1018,81,lluvia ligera,Rain,2.57,240,75,10000,53.344,-6.2672
2025-08-03 16:37:02,Dublin,IE,16.3,16.1,15.36,16.88,1018,81,lluvia ligera,Rain,2.57,240,75,10000,53.344,-6.2672
2025-08-03 16:38:02,Dublin,IE,16.3,16.1,15.36,16.88,1018,81,lluvia ligera,Rain,2.57,240,75,10000,53.344,-6.2672
2025-08-03 16:39:02,Dublin,IE,16.3,16.1,15.36,16.88,1018,81,lluvia ligera,Rain,2.57,240,75,10000,53.344,-6.2672
2025-08-03 16:40:00,Dublin,IE,16.3,16.1,15.36,16.88,1018,81,lluvia ligera,Rain,2.57,240,75,10000,53.344,-6.2672
2025-08-03 16:41:00,Dublin,IE,16.14,15.95,15.36,16.81,1018,82,lluvia ligera,Rain,2.57,240,75,10000,53.344,-6.2672
2025-08-03 16:42:00,Dublin,IE,16.14,15.95,15.36,16.81,1018,82,lluvia ligera,Rain,2.57,240,75,10000,53.344,-6.2672
2025-08-03 16:43:00,Dublin,IE,16.3,16.1,15.36,16.88,1018,81,lluvia ligera,Rain,2.57,240,75,10000,53.344,-6.2672
2025-08-03 16:44:00,Dublin,IE,16.14,15.98,15.36,16.81,1018,83,lluvia ligera,Rain,2.57,240,75,10000,53.344,-6.2672
2025-08-03 16:45:01,Dublin,IE,16.14,15.98,15.36,16.81,1018,83,lluvia ligera,Rain,2.57,240,75,10000,53.344,-6.2672
2025-08-03 16:46:02,Dublin,IE,15.98,15.8,15.36,16.81,1018,83,muy nuboso,Clouds,2.57,240,75,10000,53.344,-6.2672
2025-08-03 16:47:02,Dublin,IE,16.14,15.98,15.36,16.81,1018,83,lluvia ligera,Rain,2.57,240,75,10000,53.344,-6.2672
2025-08-03 16:48:02,Dublin,IE,16.14,15.98,15.36,16.81,1018,83,lluvia ligera,Rain,2.57,240,75,10000,53.344,-6.2672
2025-08-03 16:49:02,Dublin,IE,15.98,15.8,15.36,16.81,1018,83,muy nuboso,Clouds,2.57,240,75,10000,53.344,-6.2672
2025-08-03 16:50:02,Dublin,IE,15.98,15.8,15.36,16.81,1018,83,muy nuboso,Clouds,2.57,240,75,10000,53.344,-6.2672
2025-08-03 16:51:02,Dublin,IE,15.98,15.8,15.36,16.81,1018,83,muy nuboso,Clouds,2.57,240,75,10000,53.344,-6.2672
2025-08-03 16:52:02,Dublin,IE,15.98,15.8,15.36,16.81,1018,83,muy nuboso,Clouds,2.57,240,75,10000,53.344,-6.2672
2025-08-03 16:53:02,Dublin,IE,15.98,15.8,15.36,16.81,1017,83,muy nuboso,Clouds,2.57,240,75,10000,53.344,-6.2672
2025-08-03 16:54:02,Dublin,IE,15.98,15.8,15.36,16.81,1018,83,muy nuboso,Clouds,2.57,240,75,10000,53.344,-6.2672
2025-08-03 16:55:01,Dublin,IE,15.98,15.8,15.36,16.81,1017,83,muy nuboso,Clouds,2.57,240,75,10000,53.344,-6.2672
2025-08-03 16:56:02,Dublin,IE,15.98,15.8,15.36,16.81,1017,83,muy nuboso,Clouds,2.57,240,75,10000,53.344,-6.2672
2025-08-03 16:57:02,Dublin,IE,15.98,15.8,15.36,16.81,1017,83,muy nuboso,Clouds,2.57,240,75,10000,53.344,-6.2672
2025-08-03 16:58:01,Dublin,IE,15.93,15.75,14.93,16.81,1017,83,muy nuboso,Clouds,2.57,240,75,10000,53.344,-6.2672
2025-08-03 16:59:02,Dublin,IE,15.93,15.75,14.93,16.81,1017,83,muy nuboso,Clouds,2.57,240,75,10000,53.344,-6.2672
2025-08-03 17:00:00,Dublin,IE,15.93,15.75,14.93,16.81,1017,83,muy nuboso,Clouds,2.57,240,75,10000,53.344,-6.2672
2025-08-03 17:01:02,Dublin,IE,15.93,15.75,14.93,16.81,1017,83,muy nuboso,Clouds,2.57,240,75,10000,53.344,-6.2672
2025-08-03 17:02:01,Dublin,IE,15.93,15.75,14.93,16.81,1017,83,muy nuboso,Clouds,2.57,240,75,10000,53.344,-6.2672
2025-08-03 17:03:02,Dublin,IE,15.93,15.75,14.93,16.81,1017,83,muy nuboso,Clouds,2.57,240,75,10000,53.344,-6.2672
2025-08-03 17:04:01,Dublin,IE,15.93,15.75,14.93,16.81,1017,83,muy nuboso,Clouds,2.57,240,75,10000,53.344,-6.2672
2025-08-03 17:05:02,Dublin,IE,15.93,15.75,14.93,16.81,1017,83,muy nuboso,Clouds,2.57,240,75,10000,53.344,-6.2672
2025-08-03 17:06:01,Dublin,IE,15.98,15.83,15.36,16.81,1018,84,muy nuboso,Clouds,2.57,240,75,10000,53.344,-6.2672
2025-08-03 17:07:01,Dublin,IE,15.98,15.83,15.36,16.81,1018,84,muy nuboso,Clouds,2.57,240,75,10000,53.344,-6.2672
2025-08-03 17:08:02,Dublin,IE,15.98,15.83,15.36,16.81,1018,84,muy nuboso,Clouds,2.57,240,75,10000,53.344,-6.2672
2025-08-03 17:09:01,Dublin,IE,15.98,15.83,15.36,16.81,1018,84,muy nuboso,Clouds,2.57,240,75,10000,53.344,-6.2672
2025-08-03 17:10:02,Dublin,IE,15.98,15.83,15.36,16.81,1018,84,muy nuboso,Clouds,2.57,240,75,10000,53.344,-6.2672
2025-08-03 17:11:01,Dublin,IE,16.03,15.88,15.36,16.81,1018,84,lluvia ligera,Rain,1.54,0,75,10000,53.344,-6.2672
2025-08-03 17:12:01,Dublin,IE,15.98,15.83,15.36,16.81,1018,84,muy nuboso,Clouds,2.57,240,75,10000,53.344,-6.2672
2025-08-03 17:13:02,Dublin,IE,15.98,15.83,15.36,16.81,1018,84,muy nuboso,Clouds,2.57,240,75,10000,53.344,-6.2672
2025-08-03 17:14:01,Dublin,IE,15.98,15.83,15.36,16.81,1018,84,muy nuboso,Clouds,2.57,240,75,10000,53.344,-6.2672
2025-08-03 17:15:02,Dublin,IE,15.98,15.83,15.36,16.81,1018,84,muy nuboso,Clouds,2.57,240,75,10000,53.344,-6.2672
2025-08-03 17:16:02,Dublin,IE,16.03,15.88,15.36,16.81,1018,84,lluvia ligera,Rain,1.54,0,75,10000,53.344,-6.2672
2025-08-03 17:17:01,Dublin,IE,16.03,15.88,15.36,16.81,1018,84,lluvia ligera,Rain,1.54,0,75,10000,53.344,-6.2672
2025-08-03 17:18:01,Dublin,IE,16.03,15.88,15.36,16.81,1018,84,lluvia ligera,Rain,1.54,0,75,10000,53.344,-6.2672
2025-08-03 17:19:02,Dublin,IE,16.03,15.88,15.36,16.81,1018,84,lluvia ligera,Rain,1.54,0,75,10000,53.344,-6.2672
2025-08-03 17:20:00,Dublin,IE,16.03,15.88,15.36,16.81,1018,84,lluvia ligera,Rain,1.54,0,75,10000,53.344,-6.2672
2025-08-03 17:21:01,Dublin,IE,16.03,15.88,15.36,16.81,1018,84,lluvia ligera,Rain,1.54,0,75,10000,53.344,-6.2672
2025-08-03 17:22:01,Dublin,IE,15.89,15.73,15.32,16.81,1017,84,muy nuboso,Clouds,1.54,0,75,10000,53.344,-6.2672
2025-08-03 17:23:02,Dublin,IE,15.89,15.73,15.32,16.81,1017,84,muy nuboso,Clouds,1.54,0,75,10000,53.344,-6.2672
2025-08-03 17:24:02,Dublin,IE,15.89,15.73,15.32,16.81,1017,84,muy nuboso,Clouds,1.54,0,75,10000,53.344,-6.2672
2025-08-03 17:25:02,Dublin,IE,16.03,15.88,15.36,16.81,1018,84,lluvia ligera,Rain,1.54,0,75,10000,53.344,-6.2672
2025-08-03 17:26:02,Dublin,IE,16.03,15.88,15.36,16.81,1018,84,lluvia ligera,Rain,1.54,0,75,10000,53.344,-6.2672
2025-08-03 17:27:01,Dublin,IE,15.94,15.78,15.32,16.81,1017,84,muy nuboso,Clouds,1.54,0,75,10000,53.344,-6.2672
2025-08-03 17:28:02,Dublin,IE,15.94,15.78,15.32,16.81,1017,84,muy nuboso,Clouds,1.54,0,75,10000,53.344,-6.2672
2025-08-03 17:29:01,Dublin,IE,15.94,15.78,15.32,16.81,1017,84,muy nuboso,Clouds,1.54,0,75,10000,53.344,-6.2672
2025-08-03 17:30:01,Dublin,IE,15.94,15.78,15.32,16.81,1017,84,muy nuboso,Clouds,1.54,0,75,10000,53.344,-6.2672
2025-08-03 17:31:01,Dublin,IE,15.94,15.78,15.32,16.81,1017,84,muy nuboso,Clouds,1.54,0,75,10000,53.344,-6.2672
2025-08-03 17:32:01,Dublin,IE,15.94,15.78,15.32,16.81,1017,84,muy nuboso,Clouds,1.54,0,75,10000,53.344,-6.2672
2025-08-03 17:33:01,Dublin,IE,15.94,15.78,15.32,16.81,1017,84,muy nuboso,Clouds,1.54,0,75,10000,53.344,-6.2672
2025-08-03 17:34:01,Dublin,IE,15.94,15.78,15.32,16.81,1017,84,muy nuboso,Clouds,1.54,0,75,10000,53.344,-6.2672
2025-08-03 17:35:01,Dublin,IE,15.94,15.78,15.32,16.81,1017,84,muy nuboso,Clouds,1.54,0,75,10000,53.344,-6.2672
2025-08-03 17:36:02,Dublin,IE,15.94,15.78,15.32,16.81,1017,84,muy nuboso,Clouds,1.54,0,75,10000,53.344,-6.2672
2025-08-03 17:37:02,Dublin,IE,15.94,15.78,15.32,16.81,1017,84,muy nuboso,Clouds,1.54,0,75,10000,53.344,-6.2672
2025-08-03 17:38:02,Dublin,IE,15.59,15.45,15.32,16.44,1017,86,lluvia ligera,Rain,1.54,0,75,10000,53.344,-6.2672
2025-08-03 17:39:02,Dublin,IE,15.59,15.45,15.32,16.44,1017,86,lluvia ligera,Rain,1.54,0,75,10000,53.344,-6.2672
2025-08-03 17:40:02,Dublin,IE,15.59,15.45,15.32,16.44,1017,86,muy nuboso,Clouds,1.54,0,75,10000,53.344,-6.2672
2025-08-03 17:41:02,Dublin,IE,15.59,15.45,15.32,16.44,1017,86,muy nuboso,Clouds,1.54,0,75,10000,53.344,-6.2672
2025-08-03 17:42:04,Dublin,IE,15.59,15.45,15.32,16.44,1017,86,muy nuboso,Clouds,1.54,0,75,10000,53.344,-6.2672
2025-08-03 17:43:02,Dublin,IE,15.59,15.45,15.32,16.44,1017,86,muy nuboso,Clouds,1.54,0,75,10000,53.344,-6.2672
2025-08-03 17:44:02,Dublin,IE,15.59,15.45,15.32,16.44,1017,86,lluvia ligera,Rain,1.54,0,75,10000,53.344,-6.2672
2025-08-03 17:45:01,Dublin,IE,15.59,15.45,15.32,16.44,1017,86,lluvia ligera,Rain,1.54,0,75,10000,53.344,-6.2672
2025-08-03 17:46:01,Dublin,IE,15.59,15.45,15.32,16.44,1017,86,lluvia ligera,Rain,1.54,0,75,10000,53.344,-6.2672
2025-08-03 17:47:02,Dublin,IE,15.59,15.45,15.32,16.44,1017,86,lluvia ligera,Rain,1.54,0,75,10000,53.344,-6.2672
2025-08-03 17:48:02,Dublin,IE,15.59,15.45,15.32,16.44,1017,86,muy nuboso,Clouds,1.54,0,75,10000,53.344,-6.2672
2025-08-03 17:49:01,Dublin,IE,15.59,15.45,15.32,16.44,1017,86,muy nuboso,Clouds,1.54,0,75,10000,53.344,-6.2672
2025-08-03 17:50:02,Dublin,IE,15.59,15.45,15.32,16.44,1017,86,muy nuboso,Clouds,1.54,0,75,10000,53.344,-6.2672
2025-08-03 17:51:00,Dublin,IE,15.59,15.45,15.32,16.44,1017,86,muy nuboso,Clouds,1.54,0,75,10000,53.344,-6.2672
2025-08-03 17:51:00,Dublin,IE,15.59,15.45,15.32,16.44,1017,86,muy nuboso,Clouds,1.54,0,75,10000,53.344,-6.2672
2025-08-03 17:51:00,Dublin,IE,15.59,15.45,15.32,16.44,1017,86,muy nuboso,Clouds,1.54,0,75,10000,53.344,-6.2672
2025-08-03 17:52:01,Dublin,IE,15.59,15.45,15.32,16.44,1017,86,muy nuboso,Clouds,1.54,0,75,10000,53.344,-6.2672
2025-08-03 17:53:01,Dublin,IE,15.53,15.38,15.32,16.44,1017,86,lluvia ligera,Rain,1.03,0,75,10000,53.344,-6.2672
2025-08-03 17:54:02,Dublin,IE,15.53,15.38,15.32,16.44,1017,86,lluvia ligera,Rain,1.03,0,75,10000,53.344,-6.2672
2025-08-03 17:55:02,Dublin,IE,15.53,15.38,15.32,16.44,1017,86,lluvia ligera,Rain,1.03,0,75,10000,53.344,-6.2672
2025-08-03 17:56:01,Dublin,IE,15.53,15.38,15.32,16.44,1017,86,lluvia ligera,Rain,1.03,0,75,10000,53.344,-6.2672
2025-08-03 17:57:02,Dublin,IE,15.53,15.38,15.32,16.44,1017,86,lluvia ligera,Rain,1.03,0,75,10000,53.344,-6.2672
2025-08-03 17:58:01,Dublin,IE,15.53,15.38,15.32,16.44,1017,86,lluvia ligera,Rain,1.03,0,75,10000,53.344,-6.2672
2025-08-03 17:59:02,Dublin,IE,15.53,15.38,15.32,16.44,1017,86,lluvia ligera,Rain,1.03,0,75,10000,53.344,-6.2672
2025-08-03 18:00:01,Dublin,IE,15.53,15.38,15.32,16.44,1017,86,lluvia ligera,Rain,1.03,0,75,10000,53.344,-6.2672
2025-08-03 18:01:01,Dublin,IE,15.53,15.38,15.32,16.44,1017,86,lluvia ligera,Rain,1.03,0,75,10000,53.344,-6.2672
2025-08-03 18:02:02,Dublin,IE,15.53,15.38,15.32,16.44,1017,86,lluvia ligera,Rain,1.03,0,75,10000,53.344,-6.2672
2025-08-03 18:03:02,Dublin,IE,15.53,15.38,15.32,16.44,1017,86,lluvia ligera,Rain,1.03,0,75,10000,53.344,-6.2672
2025-08-03 18:04:01,Dublin,IE,15.53,15.38,15.32,15.89,1017,86,lluvia ligera,Rain,1.03,0,75,10000,53.344,-6.2672
2025-08-03 18:05:01,Dublin,IE,15.53,15.38,15.32,15.89,1017,86,lluvia ligera,Rain,1.03,0,75,10000,53.344,-6.2672
2025-08-03 18:06:02,Dublin,IE,15.53,15.38,15.32,15.89,1017,86,lluvia ligera,Rain,1.03,0,75,10000,53.344,-6.2672
2025-08-03 18:07:01,Dublin,IE,15.53,15.38,15.32,16.44,1017,86,lluvia ligera,Rain,1.03,0,75,10000,53.344,-6.2672
2025-08-03 18:08:02,Dublin,IE,15.53,15.38,15.32,15.89,1017,86,lluvia ligera,Rain,1.03,0,75,10000,53.344,-6.2672
2025-08-03 18:09:02,Dublin,IE,15.53,15.38,15.32,15.89,1017,86,lluvia ligera,Rain,1.03,0,75,10000,53.344,-6.2672
2025-08-03 18:10:01,Dublin,IE,15.53,15.38,15.32,15.89,1017,86,lluvia ligera,Rain,1.03,0,75,10000,53.344,-6.2672
2025-08-03 18:11:02,Dublin,IE,15.53,15.38,15.32,15.89,1017,86,lluvia ligera,Rain,1.03,0,75,10000,53.344,-6.2672
2025-08-03 18:12:02,Dublin,IE,15.53,15.38,15.32,15.89,1017,86,lluvia ligera,Rain,1.03,0,75,10000,53.344,-6.2672
2025-08-03 18:13:00,Dublin,IE,15.45,15.3,14.93,15.77,1017,86,lluvia ligera,Rain,1.03,0,75,10000,53.344,-6.2672
2025-08-03 18:14:00,Dublin,IE,15.53,15.38,15.32,15.89,1017,86,lluvia ligera,Rain,1.03,0,75,10000,53.344,-6.2672
2025-08-03 18:15:01,Dublin,IE,15.53,15.38,15.32,15.89,1017,86,lluvia ligera,Rain,1.03,0,75,10000,53.344,-6.2672
2025-08-03 18:16:01,Dublin,IE,15.53,15.38,15.32,15.89,1017,86,lluvia ligera,Rain,1.03,0,75,10000,53.344,-6.2672
2025-08-03 18:17:02,Dublin,IE,15.45,15.3,14.93,15.77,1017,86,lluvia ligera,Rain,1.03,0,75,10000,53.344,-6.2672
2025-08-03 18:18:01,Dublin,IE,15.45,15.3,14.93,15.77,1017,86,muy nuboso,Clouds,1.03,0,75,10000,53.344,-6.2672
2025-08-03 18:19:01,Dublin,IE,15.45,15.3,14.93,15.77,1017,86,muy nuboso,Clouds,1.03,0,75,10000,53.344,-6.2672
2025-08-03 18:20:01,Dublin,IE,15.45,15.3,14.93,15.77,1017,86,muy nuboso,Clouds,1.03,0,75,10000,53.344,-6.2672
2025-08-03 18:21:02,Dublin,IE,15.45,15.3,14.93,15.77,1017,86,muy nuboso,Clouds,1.03,0,75,10000,53.344,-6.2672
2025-08-03 18:22:02,Dublin,IE,15.73,15.55,15.32,16.25,1017,84,lluvia ligera,Rain,2.06,190,75,10000,53.344,-6.2672
2025-08-03 18:23:02,Dublin,IE,15.73,15.55,15.32,16.25,1017,84,lluvia ligera,Rain,2.06,190,75,10000,53.344,-6.2672
2025-08-03 18:24:02,Dublin,IE,15.73,15.55,15.32,16.25,1017,84,lluvia ligera,Rain,2.06,190,75,10000,53.344,-6.2672
2025-08-03 18:25:02,Dublin,IE,15.73,15.55,15.32,16.25,1017,84,lluvia ligera,Rain,2.06,190,75,10000,53.344,-6.2672
2025-08-03 18:26:01,Dublin,IE,15.73,15.55,15.32,16.25,1017,84,lluvia ligera,Rain,2.06,190,75,10000,53.344,-6.2672
2025-08-03 18:27:03,Dublin,IE,15.73,15.55,15.32,16.25,1017,84,lluvia ligera,Rain,2.06,190,75,10000,53.344,-6.2672
2025-08-03 18:28:02,Dublin,IE,15.73,15.55,15.32,16.25,1017,84,lluvia ligera,Rain,2.06,190,75,10000,53.344,-6.2672
2025-08-03 18:29:01,Dublin,IE,15.73,15.55,15.32,16.25,1017,84,lluvia ligera,Rain,2.06,190,75,10000,53.344,-6.2672
2025-08-03 18:30:01,Dublin,IE,15.73,15.55,15.32,16.25,1017,84,lluvia ligera,Rain,2.06,190,75,10000,53.344,-6.2672
2025-08-03 18:31:01,Dublin,IE,15.73,15.55,15.32,16.25,1017,84,lluvia ligera,Rain,2.06,190,75,10000,53.344,-6.2672
2025-08-03 18:32:02,Dublin,IE,15.73,15.55,15.32,16.25,1017,84,lluvia ligera,Rain,2.06,190,75,10000,53.344,-6.2672
2025-08-03 18:33:02,Dublin,IE,15.73,15.55,15.32,16.25,1015,84,muy nuboso,Clouds,2.06,190,75,10000,53.344,-6.2672
2025-08-03 18:34:01,Dublin,IE,15.73,15.55,15.32,16.25,1015,84,muy nuboso,Clouds,2.06,190,75,10000,53.344,-6.2672
2025-08-03 18:35:01,Dublin,IE,15.73,15.55,15.32,16.25,1015,84,muy nuboso,Clouds,2.06,190,75,10000,53.344,-6.2672
2025-08-03 18:36:02,Dublin,IE,15.73,15.55,15.32,16.25,1015,84,muy nuboso,Clouds,2.06,190,75,10000,53.344,-6.2672
2025-08-03 18:37:01,Dublin,IE,15.73,15.55,15.32,16.25,1015,84,muy nuboso,Clouds,2.06,190,75,10000,53.344,-6.2672
2025-08-03 18:38:00,Dublin,IE,15.73,15.55,15.32,16.25,1015,84,muy nuboso,Clouds,2.06,190,75,10000,53.344,-6.2672
2025-08-03 18:39:02,Dublin,IE,15.73,15.55,15.32,16.25,1015,84,muy nuboso,Clouds,2.06,190,75,10000,53.344,-6.2672
2025-08-03 18:40:02,Dublin,IE,15.73,15.55,15.32,16.25,1015,84,muy nuboso,Clouds,2.06,190,75,10000,53.344,-6.2672
2025-08-03 18:41:02,Dublin,IE,15.73,15.55,15.32,16.25,1015,84,muy nuboso,Clouds,2.06,190,75,10000,53.344,-6.2672
2025-08-03 19:01:24,Dublin,IE,15.64,15.45,14.77,16.25,1015,84,lluvia ligera,Rain,2.06,160,75,10000,53.344,-6.2672
2025-08-03 19:02:00,Dublin,IE,15.64,15.45,14.77,16.25,1015,84,lluvia ligera,Rain,2.06,160,75,10000,53.344,-6.2672
2025-08-03 19:03:02,Dublin,IE,15.64,15.45,14.77,16.25,1015,84,lluvia ligera,Rain,2.06,160,75,10000,53.344,-6.2672
2025-08-03 19:04:02,Dublin,IE,15.64,15.45,14.77,16.25,1015,84,lluvia ligera,Rain,2.06,160,75,10000,53.344,-6.2672
2025-08-03 19:05:01,Dublin,IE,15.64,15.45,14.77,16.25,1015,84,lluvia ligera,Rain,2.06,160,75,10000,53.344,-6.2672
2025-08-03 19:49:00,Dublin,IE,15.6,15.38,14.77,16.25,1013,83,lluvia ligera,Rain,4.63,150,75,10000,53.344,-6.2672
2025-08-03 19:49:02,Dublin,IE,15.6,15.38,14.77,16.25,1013,83,lluvia ligera,Rain,4.63,150,75,10000,53.344,-6.2672
2025-08-03 19:50:01,Dublin,IE,15.6,15.38,14.77,16.25,1013,83,lluvia ligera,Rain,4.63,150,75,10000,53.344,-6.2672
2025-08-03 19:51:01,Dublin,IE,15.6,15.38,14.77,16.25,1013,83,lluvia ligera,Rain,4.63,150,75,10000,53.344,-6.2672
2025-08-03 19:52:02,Dublin,IE,15.6,15.38,14.77,16.25,1013,83,lluvia ligera,Rain,4.63,150,75,10000,53.344,-6.2672
2025-08-03 19:53:02,Dublin,IE,15.6,15.38,14.77,16.25,1013,83,lluvia ligera,Rain,4.63,150,75,10000,53.344,-6.2672
2025-08-03 19:54:02,Dublin,IE,15.6,15.38,14.77,16.25,1013,83,lluvia ligera,Rain,4.63,150,75,10000,53.344,-6.2672
2025-08-03 19:55:02,Dublin,IE,15.6,15.38,14.77,16.25,1013,83,lluvia ligera,Rain,4.63,150,75,10000,53.344,-6.2672
2025-08-03 19:56:02,Dublin,IE,15.6,15.38,14.77,16.25,1013,83,lluvia ligera,Rain,4.63,150,75,10000,53.344,-6.2672
2025-08-03 19:57:01,Dublin,IE,15.6,15.38,14.77,16.25,1013,83,lluvia ligera,Rain,4.63,150,75,10000,53.344,-6.2672
2025-08-03 19:58:01,Dublin,IE,15.6,15.38,14.77,16.25,1013,83,muy nuboso,Clouds,4.63,150,75,10000,53.344,-6.2672
2025-08-03 19:59:02,Dublin,IE,15.6,15.38,14.77,16.25,1013,83,muy nuboso,Clouds,4.63,150,75,10000,53.344,-6.2672
2025-08-03 20:00:02,Dublin,IE,15.6,15.38,14.77,16.25,1013,83,muy nuboso,Clouds,4.63,150,75,10000,53.344,-6.2672
2025-08-03 20:01:01,Dublin,IE,15.6,15.38,14.77,16.25,1013,83,muy nuboso,Clouds,4.63,150,75,10000,53.344,-6.2672
2025-08-03 20:02:02,Dublin,IE,15.6,15.38,14.77,16.25,1013,83,muy nuboso,Clouds,4.63,150,75,10000,53.344,-6.2672
2025-08-03 20:03:01,Dublin,IE,15.6,15.38,14.77,16.25,1013,83,muy nuboso,Clouds,4.63,150,75,10000,53.344,-6.2672
2025-08-03 20:04:02,Dublin,IE,15.6,15.38,14.77,16.25,1013,83,muy nuboso,Clouds,4.63,150,75,10000,53.344,-6.2672
2025-08-03 20:30:33,Dublin,IE,15.83,15.64,14.77,16.53,1012,83,muy nuboso,Clouds,7.72,210,75,10000,53.344,-6.2672
2025-08-03 20:31:01,Dublin,IE,15.83,15.64,14.77,16.53,1012,83,muy nuboso,Clouds,7.72,210,75,10000,53.344,-6.2672
2025-08-03 20:32:01,Dublin,IE,15.83,15.64,14.77,16.53,1012,83,muy nuboso,Clouds,7.72,210,75,10000,53.344,-6.2672
2025-08-03 20:33:02,Dublin,IE,15.83,15.64,14.77,16.53,1012,83,muy nuboso,Clouds,7.72,210,75,10000,53.344,-6.2672
2025-08-03 20:34:02,Dublin,IE,15.83,15.64,14.77,16.53,1012,83,muy nuboso,Clouds,7.72,210,75,10000,53.344,-6.2672
2025-08-03 20:35:02,Dublin,IE,15.83,15.64,14.77,16.53,1012,83,muy nuboso,Clouds,7.72,210,75,10000,53.344,-6.2672
2025-08-03 20:36:02,Dublin,IE,15.83,15.64,14.77,16.53,1012,83,muy nuboso,Clouds,7.72,210,75,10000,53.344,-6.2672
2025-08-03 20:37:01,Dublin,IE,15.83,15.64,14.77,16.53,1012,83,muy nuboso,Clouds,7.72,210,75,10000,53.344,-6.2672
2025-08-03 20:37:58,Dublin,IE,15.83,15.64,14.77,16.53,1012,83,muy nuboso,Clouds,7.72,210,75,10000,53.344,-6.2672
2025-08-03 20:38:00,Dublin,IE,15.83,15.64,14.77,16.53,1012,83,muy nuboso,Clouds,7.72,210,75,10000,53.344,-6.2672
2025-08-03 20:38:01,Dublin,IE,15.83,15.64,14.77,16.53,1012,83,muy nuboso,Clouds,7.72,210,75,10000,53.344,-6.2672
2025-08-03 20:39:01,Dublin,IE,15.83,15.64,14.77,16.53,1012,83,muy nuboso,Clouds,7.72,210,75,10000,53.344,-6.2672
2025-08-03 20:40:00,Dublin,IE,15.83,15.64,14.77,16.53,1012,83,muy nuboso,Clouds,7.72,210,75,10000,53.344,-6.2672
2025-08-03 20:41:02,Dublin,IE,15.83,15.64,14.77,16.53,1012,83,muy nuboso,Clouds,7.72,210,75,10000,53.344,-6.2672
2025-08-03 20:42:01,Dublin,IE,15.83,15.64,14.77,16.53,1012,83,muy nuboso,Clouds,7.72,210,75,10000,53.344,-6.2672
2025-08-03 20:43:00,Dublin,IE,15.83,15.64,14.77,16.53,1012,83,muy nuboso,Clouds,7.72,210,75,10000,53.344,-6.2672
2025-08-03 20:44:01,Dublin,IE,15.83,15.64,14.77,16.53,1012,83,muy nuboso,Clouds,7.72,210,75,10000,53.344,-6.2672
2025-08-03 20:45:02,Dublin,IE,15.83,15.64,14.77,16.53,1012,83,muy nuboso,Clouds,7.72,210,75,10000,53.344,-6.2672
2025-08-03 20:46:02,Dublin,IE,15.95,15.85,14.77,16.53,1012,86,muy nuboso,Clouds,7.72,210,75,10000,53.344,-6.2672
2025-08-03 20:47:01,Dublin,IE,15.95,15.85,14.77,16.53,1012,86,muy nuboso,Clouds,7.72,210,75,10000,53.344,-6.2672
2025-08-03 20:48:02,Dublin,IE,15.95,15.85,14.77,16.53,1012,86,muy nuboso,Clouds,7.72,210,75,10000,53.344,-6.2672
2025-08-03 20:49:03,Dublin,IE,15.83,15.64,14.77,16.53,1012,83,muy nuboso,Clouds,7.72,210,75,10000,53.344,-6.2672
2025-08-03 20:50:02,Dublin,IE,15.83,15.64,14.77,16.53,1012,83,muy nuboso,Clouds,7.72,210,75,10000,53.344,-6.2672
2025-08-03 20:51:02,Dublin,IE,15.95,15.85,14.77,16.53,1011,86,muy nuboso,Clouds,7.72,210,75,10000,53.344,-6.2672
2025-08-03 20:52:02,Dublin,IE,15.95,15.85,14.77,16.53,1011,86,muy nuboso,Clouds,7.72,210,75,10000,53.344,-6.2672
2025-08-03 20:53:02,Dublin,IE,15.95,15.85,14.77,16.53,1011,86,muy nuboso,Clouds,7.72,210,75,10000,53.344,-6.2672
2025-08-03 20:54:01,Dublin,IE,15.95,15.85,14.77,16.53,1011,86,muy nuboso,Clouds,7.72,210,75,10000,53.344,-6.2672
2025-08-03 20:55:02,Dublin,IE,15.95,15.85,14.77,16.53,1011,86,muy nuboso,Clouds,7.72,210,75,10000,53.344,-6.2672
2025-08-03 20:56:02,Dublin,IE,15.95,15.85,14.77,16.53,1011,86,muy nuboso,Clouds,7.72,210,75,10000,53.344,-6.2672
2025-08-03 20:57:02,Dublin,IE,15.95,15.85,14.77,16.53,1011,86,muy nuboso,Clouds,7.72,210,75,10000,53.344,-6.2672
2025-08-03 20:58:02,Dublin,IE,15.95,15.85,14.77,16.53,1011,86,muy nuboso,Clouds,7.72,210,75,10000,53.344,-6.2672
2025-08-03 20:59:01,Dublin,IE,15.95,15.85,14.77,16.53,1011,86,muy nuboso,Clouds,7.72,210,75,10000,53.344,-6.2672
2025-08-03 21:00:02,Dublin,IE,15.95,15.85,14.77,16.53,1011,86,muy nuboso,Clouds,7.72,210,75,10000,53.344,-6.2672
2025-08-03 21:01:03,Dublin,IE,15.95,15.85,14.77,16.53,1011,86,muy nuboso,Clouds,7.72,210,75,10000,53.344,-6.2672
2025-08-03 21:02:02,Dublin,IE,15.95,15.85,14.77,16.53,1011,86,muy nuboso,Clouds,7.72,210,75,10000,53.344,-6.2672
2025-08-03 21:03:02,Dublin,IE,15.95,15.85,14.77,16.53,1011,86,muy nuboso,Clouds,7.72,210,75,10000,53.344,-6.2672
2025-08-03 21:04:02,Dublin,IE,15.95,15.85,14.77,16.53,1011,86,muy nuboso,Clouds,7.72,210,75,10000,53.344,-6.2672
2025-08-03 21:05:02,Dublin,IE,16.19,16.14,14.77,16.88,1012,87,muy nuboso,Clouds,7.72,210,75,10000,53.344,-6.2672
2025-08-03 21:06:02,Dublin,IE,16.19,16.14,14.77,16.88,1012,87,muy nuboso,Clouds,7.72,210,75,10000,53.344,-6.2672
2025-08-03 21:07:02,Dublin,IE,15.95,15.85,14.77,16.53,1011,86,muy nuboso,Clouds,7.72,210,75,10000,53.344,-6.2672
2025-08-03 21:08:02,Dublin,IE,16.19,16.14,14.77,16.88,1012,87,muy nuboso,Clouds,7.72,210,75,10000,53.344,-6.2672
2025-08-03 21:09:02,Dublin,IE,16.13,16.12,14.77,16.88,1012,89,muy nuboso,Clouds,2.57,150,75,10000,53.344,-6.2672
2025-08-03 21:10:02,Dublin,IE,16.13,16.12,14.77,16.88,1012,89,muy nuboso,Clouds,2.57,150,75,10000,53.344,-6.2672
2025-08-03 21:11:02,Dublin,IE,15.95,15.85,14.77,16.53,1011,86,muy nuboso,Clouds,7.72,210,75,10000,53.344,-6.2672
2025-08-03 21:12:02,Dublin,IE,16.13,16.12,14.77,16.88,1012,89,muy nuboso,Clouds,2.57,150,75,10000,53.344,-6.2672
2025-08-03 21:13:02,Dublin,IE,16.13,16.12,14.77,16.88,1012,89,muy nuboso,Clouds,2.57,150,75,10000,53.344,-6.2672
2025-08-03 21:14:02,Dublin,IE,16.13,16.12,14.77,16.88,1012,89,muy nuboso,Clouds,2.57,150,75,10000,53.344,-6.2672
2025-08-03 21:15:01,Dublin,IE,16.13,16.12,14.77,16.88,1012,89,muy nuboso,Clouds,2.57,150,75,10000,53.344,-6.2672
2025-08-03 21:16:02,Dublin,IE,16.13,16.12,14.77,16.88,1012,89,muy nuboso,Clouds,2.57,150,75,10000,53.344,-6.2672
2025-08-03 21:17:02,Dublin,IE,16.13,16.12,14.77,16.88,1012,89,muy nuboso,Clouds,2.57,150,75,10000,53.344,-6.2672
2025-08-03 21:18:02,Dublin,IE,16.13,16.12,14.77,16.88,1012,89,muy nuboso,Clouds,2.57,150,75,10000,53.344,-6.2672
2025-08-03 21:19:02,Dublin,IE,16.13,16.12,14.77,16.88,1012,89,muy nuboso,Clouds,2.57,150,75,10000,53.344,-6.2672
2025-08-03 21:20:03,Dublin,IE,16.13,16.12,14.77,16.88,1012,89,muy nuboso,Clouds,2.57,150,75,10000,53.344,-6.2672
2025-08-03 21:21:02,Dublin,IE,16.42,16.36,15.33,17.53,1011,86,muy nuboso,Clouds,8.75,210,75,10000,53.344,-6.2672
2025-08-03 21:21:59,Dublin,IE,16.42,16.36,15.33,17.53,1011,86,muy nuboso,Clouds,8.75,210,75,10000,53.344,-6.2672
2025-08-03 21:22:00,Dublin,IE,16.42,16.36,15.33,17.53,1011,86,muy nuboso,Clouds,8.75,210,75,10000,53.344,-6.2672
2025-08-03 21:22:01,Dublin,IE,16.42,16.36,15.33,17.53,1011,86,muy nuboso,Clouds,8.75,210,75,10000,53.344,-6.2672
2025-08-03 21:23:02,Dublin,IE,16.42,16.36,15.33,17.53,1011,86,muy nuboso,Clouds,8.75,210,75,10000,53.344,-6.2672
2025-08-03 21:23:59,Dublin,IE,16.42,16.36,15.33,17.53,1011,86,muy nuboso,Clouds,8.75,210,75,10000,53.344,-6.2672
2025-08-03 21:25:00,Dublin,IE,16.42,16.36,15.33,17.53,1011,86,muy nuboso,Clouds,8.75,210,75,10000,53.344,-6.2672
2025-08-03 21:26:00,Dublin,IE,16.42,16.36,15.33,17.53,1011,86,muy nuboso,Clouds,8.75,210,75,10000,53.344,-6.2672
2025-08-03 21:26:59,Dublin,IE,16.42,16.36,15.33,17.53,1011,86,muy nuboso,Clouds,8.75,210,75,10000,53.344,-6.2672
2025-08-03 21:27:00,Dublin,IE,16.42,16.36,15.33,17.53,1011,86,muy nuboso,Clouds,8.75,210,75,10000,53.344,-6.2672
2025-08-03 21:27:01,Dublin,IE,16.42,16.36,15.33,17.53,1011,86,muy nuboso,Clouds,8.75,210,75,10000,53.344,-6.2672
2025-08-03 21:28:00,Dublin,IE,16.42,16.36,15.33,17.53,1011,86,muy nuboso,Clouds,8.75,210,75,10000,53.344,-6.2672
2025-08-03 21:29:01,Dublin,IE,16.42,16.36,15.33,17.53,1011,86,muy nuboso,Clouds,8.75,210,75,10000,53.344,-6.2672
2025-08-03 21:30:01,Dublin,IE,16.42,16.36,15.33,17.53,1011,86,muy nuboso,Clouds,8.75,210,75,10000,53.344,-6.2672
2025-08-03 21:31:02,Dublin,IE,16.42,16.36,15.33,17.53,1011,86,muy nuboso,Clouds,8.75,210,75,10000,53.344,-6.2672
2025-08-03 21:32:02,Dublin,IE,16.42,16.36,15.33,17.53,1010,86,muy nuboso,Clouds,8.75,210,75,10000,53.344,-6.2672
2025-08-03 21:33:02,Dublin,IE,16.42,16.36,15.33,17.53,1011,86,muy nuboso,Clouds,8.75,210,75,10000,53.344,-6.2672
2025-08-03 21:34:00,Dublin,IE,16.42,16.36,15.33,17.53,1011,86,muy nuboso,Clouds,8.75,210,75,10000,53.344,-6.2672
2025-08-03 21:35:02,Dublin,IE,16.42,16.36,15.33,17.53,1010,86,muy nuboso,Clouds,8.75,210,75,10000,53.344,-6.2672
2025-08-03 21:36:01,Dublin,IE,16.42,16.36,15.33,17.53,1010,86,muy nuboso,Clouds,8.75,210,75,10000,53.344,-6.2672
2025-08-03 21:37:01,Dublin,IE,16.42,16.36,15.33,17.53,1010,86,muy nuboso,Clouds,8.75,210,75,10000,53.344,-6.2672
2025-08-03 21:38:02,Dublin,IE,16.42,16.36,15.33,17.53,1010,86,muy nuboso,Clouds,8.75,210,75,10000,53.344,-6.2672
2025-08-03 21:39:03,Dublin,IE,16.42,16.36,15.33,17.53,1010,86,muy nuboso,Clouds,8.75,210,75,10000,53.344,-6.2672
2025-08-03 21:40:02,Dublin,IE,16.42,16.36,15.33,17.53,1010,86,muy nuboso,Clouds,8.75,210,75,10000,53.344,-6.2672
2025-08-03 21:41:02,Dublin,IE,16.42,16.36,15.33,17.53,1010,86,muy nuboso,Clouds,8.75,210,75,10000,53.344,-6.2672
2025-08-03 21:42:02,Dublin,IE,16.42,16.36,15.33,17.53,1010,86,muy nuboso,Clouds,8.75,210,75,10000,53.344,-6.2672
2025-08-03 21:43:01,Dublin,IE,16.42,16.36,15.33,17.53,1010,86,muy nuboso,Clouds,8.75,210,75,10000,53.344,-6.2672
2025-08-03 21:44:01,Dublin,IE,16.42,16.36,15.33,17.53,1010,86,muy nuboso,Clouds,8.75,210,75,10000,53.344,-6.2672
2025-08-03 21:45:02,Dublin,IE,16.42,16.36,15.33,17.53,1010,86,muy nuboso,Clouds,8.75,210,75,10000,53.344,-6.2672
2025-08-03 21:46:02,Dublin,IE,16.91,16.98,15.49,17.53,1010,89,muy nuboso,Clouds,8.75,210,75,10000,53.344,-6.2672
2025-08-03 21:47:02,Dublin,IE,16.91,16.98,15.49,17.53,1010,89,muy nuboso,Clouds,8.75,210,75,10000,53.344,-6.2672
2025-08-03 21:48:02,Dublin,IE,16.91,16.98,15.49,17.53,1010,89,muy nuboso,Clouds,8.75,210,75,10000,53.344,-6.2672
2025-08-03 21:49:02,Dublin,IE,16.91,16.98,15.49,17.53,1010,89,muy nuboso,Clouds,8.75,210,75,10000,53.344,-6.2672
2025-08-03 21:50:02,Dublin,IE,16.91,16.98,15.49,17.53,1010,89,muy nuboso,Clouds,8.75,210,75,10000,53.344,-6.2672
2025-08-03 21:51:02,Dublin,IE,16.91,16.98,15.33,17.53,1010,89,muy nuboso,Clouds,8.75,210,75,10000,53.344,-6.2672
2025-08-03 21:52:02,Dublin,IE,16.91,16.98,15.49,17.53,1010,89,muy nuboso,Clouds,8.75,210,75,10000,53.344,-6.2672
2025-08-03 21:53:02,Dublin,IE,16.91,16.98,15.49,17.53,1010,89,muy nuboso,Clouds,8.75,210,75,10000,53.344,-6.2672
2025-08-03 21:54:02,Dublin,IE,16.91,16.98,15.49,17.53,1010,89,muy nuboso,Clouds,8.75,210,75,10000,53.344,-6.2672
2025-08-03 21:55:02,Dublin,IE,16.91,16.98,15.49,17.53,1010,89,muy nuboso,Clouds,8.75,210,75,10000,53.344,-6.2672
2025-08-03 21:56:02,Dublin,IE,16.91,16.98,15.33,17.53,1010,89,muy nuboso,Clouds,8.75,210,75,10000,53.344,-6.2672
2025-08-03 21:56:59,Dublin,IE,16.91,16.98,15.33,17.53,1010,89,muy nuboso,Clouds,8.75,210,75,10000,53.344,-6.2672
2025-08-03 21:57:00,Dublin,IE,16.91,16.98,15.33,17.53,1010,89,muy nuboso,Clouds,8.75,210,75,10000,53.344,-6.2672
2025-08-03 21:57:01,Dublin,IE,16.91,16.98,15.33,17.53,1010,89,muy nuboso,Clouds,8.75,210,75,10000,53.344,-6.2672
2025-08-03 21:58:00,Dublin,IE,16.91,16.98,15.33,17.53,1010,89,muy nuboso,Clouds,8.75,210,75,10000,53.344,-6.2672
2025-08-03 21:59:00,Dublin,IE,16.91,16.98,15.33,17.53,1010,89,muy nuboso,Clouds,8.75,210,75,10000,53.344,-6.2672
2025-08-03 22:00:00,Dublin,IE,16.91,16.98,15.33,17.53,1010,89,muy nuboso,Clouds,8.75,210,75,10000,53.344,-6.2672
2025-08-03 22:01:00,Dublin,IE,16.91,16.98,15.33,17.53,1010,89,muy nuboso,Clouds,8.75,210,75,10000,53.344,-6.2672
2025-08-03 22:02:00,Dublin,IE,16.91,16.98,15.33,17.53,1010,89,muy nuboso,Clouds,8.75,210,75,10000,53.344,-6.2672
2025-08-03 22:03:00,Dublin,IE,16.91,16.98,15.33,17.53,1010,89,muy nuboso,Clouds,8.75,210,75,10000,53.344,-6.2672
2025-08-03 22:03:59,Dublin,IE,16.91,16.98,15.33,17.53,1010,89,muy nuboso,Clouds,8.75,210,75,10000,53.344,-6.2672
2025-08-03 22:04:00,Dublin,IE,16.91,16.98,15.33,17.53,1010,89,muy nuboso,Clouds,8.75,210,75,10000,53.344,-6.2672
2025-08-03 22:04:01,Dublin,IE,16.91,16.98,15.33,17.53,1010,89,muy nuboso,Clouds,8.75,210,75,10000,53.344,-6.2672
2025-08-03 22:04:59,Dublin,IE,16.91,16.98,15.33,17.53,1010,89,muy nuboso,Clouds,8.75,210,75,10000,53.344,-6.2672
2025-08-03 22:05:00,Dublin,IE,16.91,16.98,15.33,17.53,1010,89,muy nuboso,Clouds,8.75,210,75,10000,53.344,-6.2672
2025-08-03 22:05:01,Dublin,IE,16.91,16.98,15.33,17.53,1010,89,muy nuboso,Clouds,8.75,210,75,10000,53.344,-6.2672
2025-08-03 22:05:59,Dublin,IE,16.91,16.98,15.33,17.53,1010,89,muy nuboso,Clouds,8.75,210,75,10000,53.344,-6.2672
2025-08-03 22:06:00,Dublin,IE,16.91,16.98,15.33,17.53,1010,89,muy nuboso,Clouds,8.75,210,75,10000,53.344,-6.2672
2025-08-03 22:06:01,Dublin,IE,16.91,16.98,15.33,17.53,1010,89,muy nuboso,Clouds,8.75,210,75,10000,53.344,-6.2672
2025-08-03 22:06:59,Dublin,IE,16.91,16.98,15.33,17.53,1010,89,muy nuboso,Clouds,8.75,210,75,10000,53.344,-6.2672
2025-08-03 22:07:00,Dublin,IE,16.91,16.98,15.33,17.53,1010,89,muy nuboso,Clouds,8.75,210,75,10000,53.344,-6.2672
2025-08-03 22:07:01,Dublin,IE,16.91,16.98,15.33,17.53,1010,89,muy nuboso,Clouds,8.75,210,75,10000,53.344,-6.2672
2025-08-03 22:07:59,Dublin,IE,16.91,16.98,15.33,17.53,1010,89,muy nuboso,Clouds,8.75,210,75,10000,53.344,-6.2672
2025-08-03 22:08:00,Dublin,IE,16.91,16.98,15.33,17.53,1010,89,muy nuboso,Clouds,8.75,210,75,10000,53.344,-6.2672
2025-08-03 22:08:01,Dublin,IE,16.91,16.98,15.33,17.53,1010,89,muy nuboso,Clouds,8.75,210,75,10000,53.344,-6.2672
2025-08-03 22:09:00,Dublin,IE,16.91,16.98,15.33,17.53,1010,89,muy nuboso,Clouds,8.75,210,75,10000,53.344,-6.2672
2025-08-03 22:09:59,Dublin,IE,16.72,16.8,15.33,17.36,1010,90,lluvia ligera,Rain,5.66,200,75,10000,53.344,-6.2672
2025-08-03 22:10:00,Dublin,IE,16.72,16.8,15.33,17.36,1010,90,lluvia ligera,Rain,5.66,200,75,10000,53.344,-6.2672
2025-08-03 22:10:01,Dublin,IE,16.72,16.8,15.33,17.36,1010,90,lluvia ligera,Rain,5.66,200,75,10000,53.344,-6.2672
2025-08-03 22:10:59,Dublin,IE,16.72,16.8,15.33,17.36,1010,90,lluvia ligera,Rain,5.66,200,75,10000,53.344,-6.2672
2025-08-03 22:11:00,Dublin,IE,16.72,16.8,15.33,17.36,1010,90,lluvia ligera,Rain,5.66,200,75,10000,53.344,-6.2672
2025-08-03 22:11:00,Dublin,IE,16.72,16.8,15.33,17.36,1010,90,lluvia ligera,Rain,5.66,200,75,10000,53.344,-6.2672
2025-08-03 22:12:00,Dublin,IE,16.72,16.8,15.33,17.36,1010,90,lluvia ligera,Rain,5.66,200,75,10000,53.344,-6.2672
2025-08-03 22:13:02,Dublin,IE,16.72,16.8,15.33,17.36,1010,90,lluvia ligera,Rain,5.66,200,75,10000,53.344,-6.2672
2025-08-03 22:14:02,Dublin,IE,16.91,16.98,15.33,17.53,1010,89,muy nuboso,Clouds,8.75,210,75,10000,53.344,-6.2672
2025-08-03 22:15:02,Dublin,IE,16.91,16.98,15.33,17.53,1010,89,muy nuboso,Clouds,8.75,210,75,10000,53.344,-6.2672
2025-08-03 22:15:59,Dublin,IE,16.91,16.98,15.33,17.53,1010,89,muy nuboso,Clouds,8.75,210,75,10000,53.344,-6.2672
2025-08-03 22:16:00,Dublin,IE,16.91,16.98,15.33,17.53,1010,89,muy nuboso,Clouds,8.75,210,75,10000,53.344,-6.2672
2025-08-03 22:16:01,Dublin,IE,16.72,16.8,15.33,17.36,1010,90,lluvia ligera,Rain,5.66,200,75,10000,53.344,-6.2672
2025-08-03 22:17:02,Dublin,IE,16.72,16.8,15.33,17.36,1010,90,lluvia ligera,Rain,5.66,200,75,10000,53.344,-6.2672
2025-08-03 22:18:02,Dublin,IE,16.72,16.8,15.33,17.36,1010,90,lluvia ligera,Rain,5.66,200,75,10000,53.344,-6.2672
2025-08-03 22:19:02,Dublin,IE,16.72,16.8,15.33,17.36,1010,90,lluvia ligera,Rain,5.66,200,75,10000,53.344,-6.2672
2025-08-03 22:20:01,Dublin,IE,16.72,16.8,15.33,17.36,1010,90,lluvia ligera,Rain,5.66,200,75,10000,53.344,-6.2672
2025-08-03 22:21:02,Dublin,IE,16.81,16.87,15.49,17.36,1009,89,muy nuboso,Clouds,6.17,200,75,10000,53.344,-6.2672
2025-08-03 22:22:02,Dublin,IE,16.81,16.87,15.49,17.36,1009,89,muy nuboso,Clouds,6.17,200,75,10000,53.344,-6.2672
2025-08-03 22:22:59,Dublin,IE,16.81,16.87,15.49,17.36,1009,89,muy nuboso,Clouds,6.17,200,75,10000,53.344,-6.2672
2025-08-03 22:23:00,Dublin,IE,16.81,16.87,15.49,17.36,1009,89,muy nuboso,Clouds,6.17,200,75,10000,53.344,-6.2672
2025-08-03 22:23:01,Dublin,IE,16.81,16.87,15.49,17.36,1009,89,muy nuboso,Clouds,6.17,200,75,10000,53.344,-6.2672
2025-08-03 22:24:02,Dublin,IE,16.72,16.8,15.33,17.36,1010,90,lluvia ligera,Rain,5.66,200,75,10000,53.344,-6.2672
2025-08-03 22:25:01,Dublin,IE,16.72,16.8,15.33,17.36,1010,90,lluvia ligera,Rain,5.66,200,75,10000,53.344,-6.2672
2025-08-03 22:26:02,Dublin,IE,16.72,16.8,15.33,17.36,1010,90,lluvia ligera,Rain,5.66,200,75,10000,53.344,-6.2672
2025-08-03 22:27:02,Dublin,IE,16.72,16.8,15.33,17.36,1010,90,lluvia ligera,Rain,5.66,200,75,10000,53.344,-6.2672
2025-08-03 22:28:02,Dublin,IE,16.81,16.87,15.49,17.36,1009,89,muy nuboso,Clouds,6.17,200,75,10000,53.344,-6.2672
2025-08-03 22:29:02,Dublin,IE,16.81,16.87,15.49,17.36,1009,89,muy nuboso,Clouds,6.17,200,75,10000,53.344,-6.2672
2025-08-03 22:30:02,Dublin,IE,16.81,16.87,15.49,17.36,1009,89,muy nuboso,Clouds,6.17,200,75,10000,53.344,-6.2672
2025-08-03 22:31:02,Dublin,IE,16.81,16.87,15.49,17.36,1009,89,muy nuboso,Clouds,6.17,200,75,10000,53.344,-6.2672
2025-08-03 22:32:01,Dublin,IE,16.81,16.87,15.49,17.36,1009,89,muy nuboso,Clouds,6.17,200,75,10000,53.344,-6.2672
2025-08-03 22:33:02,Dublin,IE,18.33,18.52,15.89,19.65,1008,88,lluvia ligera,Rain,8.75,210,75,10000,53.344,-6.2672
2025-08-03 22:34:01,Dublin,IE,18.33,18.52,15.89,19.65,1008,88,lluvia ligera,Rain,8.75,210,75,10000,53.344,-6.2672
2025-08-03 22:35:02,Dublin,IE,18.33,18.52,15.89,19.65,1008,88,lluvia ligera,Rain,8.75,210,75,10000,53.344,-6.2672
2025-08-03 22:36:01,Dublin,IE,18.33,18.52,15.89,19.65,1008,88,lluvia ligera,Rain,8.75,210,75,10000,53.344,-6.2672
2025-08-03 22:37:02,Dublin,IE,18.05,18.23,16.04,19.65,1008,89,muy nuboso,Clouds,8.75,210,75,10000,53.344,-6.2672
2025-08-03 22:38:01,Dublin,IE,18.05,18.23,15.89,19.65,1008,89,muy nuboso,Clouds,8.75,210,75,10000,53.344,-6.2672
2025-08-03 22:39:02,Dublin,IE,18.33,18.52,15.89,19.65,1008,88,lluvia ligera,Rain,8.75,210,75,10000,53.344,-6.2672
2025-08-03 22:40:01,Dublin,IE,18.33,18.52,15.89,19.65,1008,88,lluvia ligera,Rain,8.75,210,75,10000,53.344,-6.2672
2025-08-03 22:41:01,Dublin,IE,18.33,18.52,15.89,19.65,1008,88,lluvia ligera,Rain,8.75,210,75,10000,53.344,-6.2672
2025-08-03 22:42:02,Dublin,IE,18.05,18.23,15.89,19.65,1008,89,muy nuboso,Clouds,8.75,210,75,10000,53.344,-6.2672
2025-08-03 22:43:02,Dublin,IE,18.05,18.23,15.89,19.65,1008,89,muy nuboso,Clouds,8.75,210,75,10000,53.344,-6.2672
2025-08-03 22:44:01,Dublin,IE,18.05,18.23,16.04,19.65,1008,89,muy nuboso,Clouds,8.75,210,75,10000,53.344,-6.2672
2025-08-03 22:45:01,Dublin,IE,18.83,19.07,16.44,19.65,1008,88,muy nuboso,Clouds,8.75,210,75,10000,53.344,-6.2672
2025-08-03 22:46:02,Dublin,IE,18.05,18.23,15.89,19.65,1008,89,muy nuboso,Clouds,8.75,210,75,10000,53.344,-6.2672
2025-08-03 22:47:01,Dublin,IE,18.05,18.23,15.89,19.65,1008,89,muy nuboso,Clouds,8.75,210,75,10000,53.344,-6.2672
2025-08-03 22:48:01,Dublin,IE,18.83,19.07,16.44,19.65,1008,88,muy nuboso,Clouds,8.75,210,75,10000,53.344,-6.2672
2025-08-03 22:49:02,Dublin,IE,18.05,18.23,16.04,19.65,1008,89,muy nuboso,Clouds,8.75,210,75,10000,53.344,-6.2672
2025-08-03 22:50:01,Dublin,IE,18.05,18.23,16.04,19.65,1008,89,muy nuboso,Clouds,8.75,210,75,10000,53.344,-6.2672
2025-08-03 22:51:02,Dublin,IE,18.05,18.23,16.04,19.65,1008,89,muy nuboso,Clouds,8.75,210,75,10000,53.344,-6.2672
2025-08-03 22:52:02,Dublin,IE,18.05,18.23,16.04,19.65,1008,89,muy nuboso,Clouds,8.75,210,75,10000,53.344,-6.2672
2025-08-03 22:53:01,Dublin,IE,18.83,19.07,16.44,19.65,1008,88,muy nuboso,Clouds,8.75,210,75,10000,53.344,-6.2672
2025-08-03 22:54:02,Dublin,IE,18.83,19.07,16.44,19.65,1008,88,muy nuboso,Clouds,8.75,210,75,10000,53.344,-6.2672
2025-08-03 22:55:01,Dublin,IE,18.83,19.07,16.44,19.65,1008,88,muy nuboso,Clouds,8.75,210,75,10000,53.344,-6.2672
2025-08-03 22:56:01,Dublin,IE,18.83,19.07,17,19.65,1008,88,lluvia ligera,Rain,8.75,210,75,10000,53.344,-6.2672
2025-08-03 22:57:01,Dublin,IE,18.83,19.07,17,19.65,1008,88,lluvia ligera,Rain,8.75,210,75,10000,53.344,-6.2672
2025-08-03 22:58:02,Dublin,IE,18.83,19.07,17,19.65,1008,88,lluvia ligera,Rain,8.75,210,75,10000,53.344,-6.2672
2025-08-03 22:59:01,Dublin,IE,18.83,19.07,17,19.65,1008,88,lluvia ligera,Rain,8.75,210,75,10000,53.344,-6.2672
2025-08-03 23:00:02,Dublin,IE,18.83,19.07,17,19.65,1008,88,lluvia ligera,Rain,8.75,210,75,10000,53.344,-6.2672
2025-08-03 23:01:01,Dublin,IE,18.83,19.07,17,19.65,1008,88,lluvia ligera,Rain,8.75,210,75,10000,53.344,-6.2672
2025-08-03 23:02:01,Dublin,IE,18.83,19.07,17,19.65,1008,88,lluvia ligera,Rain,8.75,210,75,10000,53.344,-6.2672
2025-08-03 23:03:02,Dublin,IE,18.83,19.07,17,19.65,1008,88,lluvia ligera,Rain,8.75,210,75,10000,53.344,-6.2672
2025-08-03 23:04:02,Dublin,IE,18.83,19.07,17,19.65,1008,88,lluvia ligera,Rain,8.75,210,75,10000,53.344,-6.2672
2025-08-03 23:05:02,Dublin,IE,18.83,19.07,17,19.65,1008,88,lluvia ligera,Rain,8.75,210,75,10000,53.344,-6.2672
2025-08-03 23:06:02,Dublin,IE,18.83,19.07,17,19.65,1008,88,lluvia ligera,Rain,8.75,210,75,10000,53.344,-6.2672
2025-08-03 23:07:01,Dublin,IE,18.83,19.07,17,19.65,1008,88,lluvia ligera,Rain,8.75,210,75,10000,53.344,-6.2672
2025-08-03 23:08:02,Dublin,IE,18.83,19.07,17,19.65,1008,88,lluvia ligera,Rain,8.75,210,75,10000,53.344,-6.2672
2025-08-03 23:09:02,Dublin,IE,18.88,19.1,17.55,19.65,1008,87,lluvia moderada,Rain,6.17,190,75,10000,53.344,-6.2672
2025-08-03 23:10:01,Dublin,IE,18.88,19.1,17.55,19.65,1008,87,lluvia moderada,Rain,6.17,190,75,10000,53.344,-6.2672
2025-08-03 23:11:02,Dublin,IE,18.88,19.1,17.55,19.65,1008,87,lluvia moderada,Rain,6.17,190,75,10000,53.344,-6.2672
2025-08-03 23:12:02,Dublin,IE,18.88,19.1,17.55,19.65,1008,87,lluvia moderada,Rain,6.17,190,75,10000,53.344,-6.2672
2025-08-03 23:13:01,Dublin,IE,18.88,19.1,17.55,19.65,1008,87,lluvia moderada,Rain,6.17,190,75,10000,53.344,-6.2672
2025-08-03 23:14:01,Dublin,IE,18.88,19.1,17.55,19.65,1008,87,lluvia moderada,Rain,6.17,190,75,10000,53.344,-6.2672
2025-08-03 23:15:02,Dublin,IE,18.88,19.1,17.55,19.65,1008,87,lluvia moderada,Rain,6.17,190,75,10000,53.344,-6.2672
2025-08-03 23:16:01,Dublin,IE,18.88,19.1,17.55,19.65,1008,87,lluvia moderada,Rain,6.17,190,75,10000,53.344,-6.2672
2025-08-03 23:17:02,Dublin,IE,18.88,19.1,17.55,19.65,1008,87,lluvia moderada,Rain,6.17,190,75,10000,53.344,-6.2672
2025-08-03 23:18:02,Dublin,IE,18.88,19.1,17.55,19.65,1008,87,lluvia moderada,Rain,6.17,190,75,10000,53.344,-6.2672
2025-08-03 23:19:01,Dublin,IE,18.88,19.1,17.55,19.65,1008,87,lluvia moderada,Rain,6.17,190,75,10000,53.344,-6.2672
2025-08-03 23:20:02,Dublin,IE,18.88,19.1,17.55,19.65,1008,87,lluvia moderada,Rain,6.17,190,75,10000,53.344,-6.2672
2025-08-03 23:21:02,Dublin,IE,18.88,19.1,17.55,19.65,1008,87,lluvia moderada,Rain,6.17,190,75,10000,53.344,-6.2672
2025-08-03 23:22:02,Dublin,IE,18.88,19.1,17.55,19.65,1008,87,lluvia moderada,Rain,6.17,190,75,10000,53.344,-6.2672
2025-08-03 23:23:01,Dublin,IE,18.88,19.1,17.55,19.65,1008,87,lluvia moderada,Rain,6.17,190,75,10000,53.344,-6.2672
2025-08-03 23:24:02,Dublin,IE,18.88,19.1,17.55,19.65,1008,87,lluvia moderada,Rain,6.17,190,75,10000,53.344,-6.2672
2025-08-03 23:25:01,Dublin,IE,18.63,18.87,17.15,19.65,1008,89,lluvia ligera,Rain,9.77,220,75,10000,53.344,-6.2672
2025-08-03 23:25:59,Dublin,IE,18.63,18.87,17.15,19.65,1008,89,lluvia ligera,Rain,9.77,220,75,10000,53.344,-6.2672
2025-08-03 23:25:59,Dublin,IE,18.63,18.87,17.15,19.65,1008,89,lluvia ligera,Rain,9.77,220,75,10000,53.344,-6.2672
2025-08-03 23:26:00,Dublin,IE,18.63,18.87,17.15,19.65,1008,89,lluvia ligera,Rain,9.77,220,75,10000,53.344,-6.2672
2025-08-03 23:27:02,Dublin,IE,18.63,18.87,17.15,19.65,1008,89,lluvia ligera,Rain,9.77,220,75,10000,53.344,-6.2672
2025-08-03 23:28:01,Dublin,IE,18.63,18.87,17.15,19.65,1008,89,lluvia ligera,Rain,9.77,220,75,10000,53.344,-6.2672
2025-08-03 23:29:02,Dublin,IE,18.63,18.85,17.15,19.65,1008,88,lluvia ligera,Rain,9.77,220,75,10000,53.344,-6.2672
2025-08-03 23:30:01,Dublin,IE,18.63,18.85,17.15,19.65,1008,88,lluvia ligera,Rain,9.77,220,75,10000,53.344,-6.2672
2025-08-03 23:31:02,Dublin,IE,18.63,18.85,17.15,19.65,1008,88,lluvia ligera,Rain,9.77,220,75,10000,53.344,-6.2672
2025-08-03 23:32:01,Dublin,IE,18.63,18.87,17.15,19.65,1008,89,lluvia ligera,Rain,9.77,220,75,10000,53.344,-6.2672
2025-08-03 23:33:02,Dublin,IE,18.63,18.87,17.15,19.65,1008,89,lluvia ligera,Rain,9.77,220,75,10000,53.344,-6.2672
2025-08-03 23:34:02,Dublin,IE,18.63,18.85,17.15,19.65,1007,88,lluvia moderada,Rain,9.77,220,75,10000,53.344,-6.2672
2025-08-03 23:35:01,Dublin,IE,18.63,18.85,17.15,19.65,1008,88,lluvia ligera,Rain,9.77,220,75,10000,53.344,-6.2672
2025-08-03 23:36:02,Dublin,IE,18.63,18.85,17.15,19.65,1007,88,lluvia moderada,Rain,9.77,220,75,10000,53.344,-6.2672
2025-08-03 23:37:02,Dublin,IE,18.63,18.85,17.15,19.65,1007,88,lluvia moderada,Rain,9.77,220,75,10000,53.344,-6.2672
2025-08-03 23:38:01,Dublin,IE,18.63,18.85,17.15,19.65,1007,88,lluvia moderada,Rain,9.77,220,75,10000,53.344,-6.2672
2025-08-03 23:39:02,Dublin,IE,18.63,18.85,17.15,19.65,1007,88,lluvia ligera,Rain,9.77,220,75,10000,53.344,-6.2672
2025-08-03 23:40:02,Dublin,IE,18.63,18.85,17.15,19.65,1007,88,lluvia ligera,Rain,9.77,220,75,10000,53.344,-6.2672
2025-08-03 23:41:01,Dublin,IE,18.63,18.85,17.15,19.65,1007,88,lluvia ligera,Rain,9.77,220,75,10000,53.344,-6.2672
2025-08-03 23:42:02,Dublin,IE,18.63,18.85,17.15,19.65,1007,88,lluvia ligera,Rain,9.77,220,75,10000,53.344,-6.2672
2025-08-03 23:43:02,Dublin,IE,18.63,18.85,17.15,19.65,1007,88,lluvia moderada,Rain,9.77,220,75,10000,53.344,-6.2672
2025-08-03 23:44:02,Dublin,IE,18.63,18.85,17.15,19.65,1007,88,lluvia ligera,Rain,9.77,220,75,10000,53.344,-6.2672
2025-08-03 23:45:01,Dublin,IE,18.63,18.85,17.15,19.65,1007,88,lluvia ligera,Rain,9.77,220,75,10000,53.344,-6.2672
2025-08-03 23:46:02,Dublin,IE,18.63,18.85,17.15,19.65,1007,88,lluvia ligera,Rain,9.77,220,75,10000,53.344,-6.2672
2025-08-03 23:47:01,Dublin,IE,18.63,18.85,17.15,19.65,1007,88,lluvia ligera,Rain,9.77,220,75,10000,53.344,-6.2672
2025-08-03 23:48:02,Dublin,IE,18.63,18.85,17.15,19.65,1007,88,lluvia ligera,Rain,9.77,220,75,10000,53.344,-6.2672
2025-08-03 23:49:02,Dublin,IE,18.63,18.85,17.15,19.65,1007,88,lluvia ligera,Rain,9.77,220,75,10000,53.344,-6.2672
2025-08-03 23:50:02,Dublin,IE,18.63,18.85,17.15,19.65,1006,88,lluvia moderada,Rain,9.77,220,75,10000,53.344,-6.2672
2025-08-03 23:51:01,Dublin,IE,18.63,18.85,17.15,19.65,1006,88,lluvia moderada,Rain,9.77,220,75,10000,53.344,-6.2672
2025-08-03 23:52:02,Dublin,IE,18.63,18.85,17.15,19.65,1006,88,lluvia moderada,Rain,9.77,220,75,10000,53.344,-6.2672
2025-08-03 23:53:02,Dublin,IE,18.63,18.85,17.15,19.65,1006,88,lluvia moderada,Rain,9.77,220,75,10000,53.344,-6.2672
2025-08-03 23:54:01,Dublin,IE,18.63,18.85,17.15,19.65,1006,88,lluvia moderada,Rain,9.77,220,75,10000,53.344,-6.2672
2025-08-03 23:55:02,Dublin,IE,18.69,18.91,17.71,19.65,1006,88,lluvia de gran intensidad,Rain,9.77,220,75,10000,53.344,-6.2672
2025-08-03 23:56:01,Dublin,IE,18.69,18.91,17.71,19.65,1006,88,lluvia de gran intensidad,Rain,9.77,220,75,10000,53.344,-6.2672
2025-08-03 23:57:02,Dublin,IE,18.69,18.91,17.71,19.65,1006,88,lluvia de gran intensidad,Rain,9.77,220,75,10000,53.344,-6.2672
2025-08-03 23:58:02,Dublin,IE,18.69,18.91,17.71,19.65,1006,88,lluvia de gran intensidad,Rain,9.77,220,75,10000,53.344,-6.2672
2025-08-03 23:59:01,Dublin,IE,18.69,18.91,17.71,19.65,1006,88,lluvia de gran intensidad,Rain,9.77,220,75,10000,53.344,-6.2672
2025-08-04 00:00:02,Dublin,IE,18.69,18.91,17.71,19.65,1006,88,lluvia de gran intensidad,Rain,9.77,220,75,10000,53.344,-6.2672
2025-08-04 00:01:02,Dublin,IE,18.69,18.91,17.71,19.65,1006,88,lluvia de gran intensidad,Rain,9.77,220,75,10000,53.344,-6.2672
2025-08-04 00:02:01,Dublin,IE,18.69,18.91,17.71,19.65,1006,88,lluvia de gran intensidad,Rain,9.77,220,75,10000,53.344,-6.2672
2025-08-04 00:03:02,Dublin,IE,18.69,18.91,17.71,19.65,1006,88,lluvia de gran intensidad,Rain,9.77,220,75,10000,53.344,-6.2672
2025-08-04 00:04:01,Dublin,IE,18.69,18.91,17.71,19.65,1006,88,lluvia de gran intensidad,Rain,9.77,220,75,10000,53.344,-6.2672
2025-08-04 00:05:01,Dublin,IE,18.69,18.91,17.71,19.65,1006,88,lluvia ligera,Rain,9.77,220,75,10000,53.344,-6.2672
2025-08-04 00:06:02,Dublin,IE,18.69,18.91,17.71,19.65,1006,88,lluvia ligera,Rain,9.77,220,75,10000,53.344,-6.2672
2025-08-04 00:07:01,Dublin,IE,18.69,18.91,17.71,19.65,1007,88,lluvia ligera,Rain,9.77,220,75,10000,53.344,-6.2672
2025-08-04 00:08:02,Dublin,IE,18.69,18.91,17.71,19.65,1007,88,lluvia ligera,Rain,9.77,220,75,10000,53.344,-6.2672
2025-08-04 00:09:02,Dublin,IE,18.69,18.91,17.71,19.65,1007,88,lluvia ligera,Rain,9.77,220,75,10000,53.344,-6.2672
2025-08-04 00:10:02,Dublin,IE,18.72,18.95,17.71,19.65,1007,88,lluvia ligera,Rain,6.69,200,75,10000,53.344,-6.2672
2025-08-04 00:11:02,Dublin,IE,18.72,18.95,17.71,19.65,1007,88,lluvia ligera,Rain,6.69,200,75,10000,53.344,-6.2672
2025-08-04 00:12:01,Dublin,IE,19.34,19.58,17.71,20.14,1007,86,lluvia ligera,Rain,6.69,200,75,10000,53.344,-6.2672
2025-08-04 00:13:02,Dublin,IE,19.34,19.58,17.71,20.14,1007,86,lluvia ligera,Rain,6.69,200,75,10000,53.344,-6.2672
2025-08-04 00:14:01,Dublin,IE,19.34,19.58,17.71,20.14,1007,86,lluvia ligera,Rain,6.69,200,75,10000,53.344,-6.2672
2025-08-04 00:15:01,Dublin,IE,18.69,18.91,17.71,19.65,1007,88,lluvia ligera,Rain,9.77,220,75,10000,53.344,-6.2672
2025-08-04 00:16:02,Dublin,IE,18.69,18.91,17.71,19.65,1007,88,lluvia ligera,Rain,9.77,220,75,10000,53.344,-6.2672
2025-08-04 00:17:01,Dublin,IE,18.69,18.91,17.71,19.65,1007,88,lluvia ligera,Rain,9.77,220,75,10000,53.344,-6.2672
2025-08-04 00:18:02,Dublin,IE,19.26,19.54,17.71,20.14,1007,88,lluvia ligera,Rain,12.35,220,75,8000,53.344,-6.2672
2025-08-04 00:19:00,Dublin,IE,18.72,18.95,17.71,19.65,1007,88,lluvia ligera,Rain,6.69,200,75,10000,53.344,-6.2672
2025-08-04 00:20:02,Dublin,IE,19.26,19.54,17.71,20.14,1007,88,lluvia ligera,Rain,12.35,220,75,8000,53.344,-6.2672
2025-08-04 00:20:59,Dublin,IE,19.26,19.54,17.71,20.14,1007,88,lluvia ligera,Rain,12.35,220,75,8000,53.344,-6.2672
2025-08-04 00:20:59,Dublin,IE,19.26,19.54,17.71,20.14,1007,88,lluvia ligera,Rain,12.35,220,75,8000,53.344,-6.2672
2025-08-04 00:21:02,Dublin,IE,19.26,19.54,17.71,20.14,1007,88,lluvia ligera,Rain,12.35,220,75,8000,53.344,-6.2672
2025-08-04 00:22:02,Dublin,IE,19.26,19.54,17.71,20.14,1007,88,lluvia ligera,Rain,12.35,220,75,8000,53.344,-6.2672
2025-08-04 00:23:01,Dublin,IE,19.26,19.54,17.71,20.14,1007,88,lluvia ligera,Rain,12.35,220,75,8000,53.344,-6.2672
2025-08-04 00:24:02,Dublin,IE,19.38,19.67,18.36,20.14,1006,88,lluvia ligera,Rain,12.35,220,75,8000,53.344,-6.2672
2025-08-04 00:25:01,Dublin,IE,19.25,19.45,18.36,19.65,1006,85,lluvia ligera,Rain,12.35,220,75,8000,53.344,-6.2672
2025-08-04 00:26:02,Dublin,IE,19.38,19.67,18.36,20.14,1006,88,lluvia ligera,Rain,12.35,220,75,8000,53.344,-6.2672
2025-08-04 00:27:02,Dublin,IE,19.26,19.54,17.71,20.14,1007,88,lluvia ligera,Rain,12.35,220,75,8000,53.344,-6.2672
2025-08-04 00:28:01,Dublin,IE,19.25,19.45,18.36,19.65,1006,85,lluvia ligera,Rain,12.35,220,75,8000,53.344,-6.2672
2025-08-04 00:29:02,Dublin,IE,19.26,19.54,17.71,20.14,1007,88,lluvia ligera,Rain,12.35,220,75,8000,53.344,-6.2672
2025-08-04 00:30:01,Dublin,IE,19.26,19.54,17.71,20.14,1007,88,lluvia ligera,Rain,12.35,220,75,8000,53.344,-6.2672
2025-08-04 00:31:02,Dublin,IE,19.43,19.65,18.36,20.14,1005,85,lluvia ligera,Rain,12.35,220,75,8000,53.344,-6.2672
2025-08-04 00:32:01,Dublin,IE,19.25,19.45,18.36,19.65,1006,85,lluvia ligera,Rain,12.35,220,75,8000,53.344,-6.2672
2025-08-04 00:33:02,Dublin,IE,19.25,19.45,18.36,19.65,1006,85,lluvia ligera,Rain,12.35,220,75,8000,53.344,-6.2672
2025-08-04 10:58:02,Dublin,IE,19.47,18.75,18.53,20.49,1013,49,nubes dispersas,Clouds,13.89,290,40,10000,53.344,-6.2672
2025-08-04 10:59:01,Dublin,IE,19.47,18.75,18.53,20.49,1013,49,nubes dispersas,Clouds,13.89,290,40,10000,53.344,-6.2672
2025-08-04 11:00:02,Dublin,IE,19.47,18.75,18.53,20.49,1013,49,nubes dispersas,Clouds,13.89,290,40,10000,53.344,-6.2672
2025-08-04 11:01:01,Dublin,IE,19.47,18.75,18.53,20.49,1013,49,nubes dispersas,Clouds,13.89,290,40,10000,53.344,-6.2672
2025-08-04 11:02:02,Dublin,IE,19.47,18.75,18.53,20.49,1013,49,nubes dispersas,Clouds,13.89,290,40,10000,53.344,-6.2672
2025-08-04 11:02:38,Dublin,IE,19.47,18.75,18.53,20.49,1013,49,nubes dispersas,Clouds,13.89,290,40,10000,53.344,-6.2672
2025-08-04 11:03:02,Dublin,IE,19.47,18.75,18.53,20.49,1013,49,nubes dispersas,Clouds,13.89,290,40,10000,53.344,-6.2672
2025-08-04 11:03:13,Dublin,IE,19.47,18.75,18.53,20.49,1013,49,nubes dispersas,Clouds,13.89,290,40,10000,53.344,-6.2672
2025-08-04 11:04:02,Dublin,IE,19.47,18.75,18.53,20.49,1013,49,nubes dispersas,Clouds,13.89,290,40,10000,53.344,-6.2672
2025-08-04 11:05:01,Dublin,IE,19.47,18.75,18.53,20.49,1013,49,nubes dispersas,Clouds,13.89,290,40,10000,53.344,-6.2672
2025-08-04 11:06:02,Dublin,IE,19.47,18.75,18.53,20.49,1013,49,nubes dispersas,Clouds,13.89,290,40,10000,53.344,-6.2672
2025-08-04 11:06:51,Dublin,IE,19.47,18.75,18.53,20.49,1013,49,nubes dispersas,Clouds,13.89,290,40,10000,53.344,-6.2672
2025-08-04 11:07:02,Dublin,IE,19.47,18.75,18.53,20.49,1013,49,nubes dispersas,Clouds,13.89,290,40,10000,53.344,-6.2672
2025-08-04 11:08:03,Dublin,IE,19.33,18.6,18.53,19.77,1013,49,nubes dispersas,Clouds,13.89,290,40,10000,53.344,-6.2672
2025-08-04 11:09:03,Dublin,IE,19.33,18.6,18.53,19.77,1013,49,nubes dispersas,Clouds,13.89,290,40,10000,53.344,-6.2672
2025-08-04 11:10:02,Dublin,IE,19.33,18.6,18.53,19.77,1013,49,nubes dispersas,Clouds,13.89,290,40,10000,53.344,-6.2672
2025-08-04 11:11:03,Dublin,IE,19.45,18.7,19.21,19.77,1013,48,nubes dispersas,Clouds,13.89,290,40,10000,53.344,-6.2672
2025-08-04 11:12:02,Dublin,IE,19.45,18.7,19.21,19.77,1013,48,nubes dispersas,Clouds,13.89,290,40,10000,53.344,-6.2672
2025-08-04 11:13:02,Dublin,IE,19.45,18.7,19.21,19.77,1013,48,nubes dispersas,Clouds,13.89,290,40,10000,53.344,-6.2672
2025-08-04 11:14:04,Dublin,IE,19.45,18.7,19.21,19.77,1013,48,nubes dispersas,Clouds,13.89,290,40,10000,53.344,-6.2672
2025-08-04 11:15:02,Dublin,IE,19.45,18.7,19.21,19.77,1013,48,nubes dispersas,Clouds,13.89,290,40,10000,53.344,-6.2672
2025-08-04 11:16:01,Dublin,IE,19.45,18.7,19.21,19.77,1013,48,nubes dispersas,Clouds,13.89,290,40,10000,53.344,-6.2672
2025-08-04 11:17:03,Dublin,IE,19.45,18.7,19.21,19.77,1013,48,nubes dispersas,Clouds,13.89,290,40,10000,53.344,-6.2672
2025-08-04 11:18:03,Dublin,IE,19.45,18.7,19.21,19.77,1013,48,nubes dispersas,Clouds,13.89,290,40,10000,53.344,-6.2672
2025-08-04 11:19:03,Dublin,IE,19.45,18.7,19.21,19.77,1013,48,nubes dispersas,Clouds,13.89,290,40,10000,53.344,-6.2672
2025-08-04 11:20:03,Dublin,IE,19.45,18.7,19.21,19.77,1013,48,nubes dispersas,Clouds,13.89,290,40,10000,53.344,-6.2672
2025-08-04 11:21:03,Dublin,IE,19.47,18.73,18.53,20.49,1013,48,nubes dispersas,Clouds,12.86,290,40,10000,53.344,-6.2672
2025-08-04 11:22:02,Dublin,IE,19.47,18.73,18.53,20.49,1013,48,nubes dispersas,Clouds,12.86,290,40,10000,53.344,-6.2672
2025-08-04 11:23:06,Dublin,IE,19.47,18.73,18.53,20.49,1013,48,nubes dispersas,Clouds,12.86,290,40,10000,53.344,-6.2672
2025-08-04 11:24:03,Dublin,IE,19.47,18.73,18.53,20.49,1013,48,nubes dispersas,Clouds,12.86,290,40,10000,53.344,-6.2672
2025-08-04 11:25:02,Dublin,IE,19.47,18.73,18.53,20.49,1013,48,nubes dispersas,Clouds,12.86,290,40,10000,53.344,-6.2672
2025-08-04 11:26:02,Dublin,IE,19.47,18.73,18.53,20.49,1013,48,nubes dispersas,Clouds,12.86,290,40,10000,53.344,-6.2672
2025-08-04 11:27:03,Dublin,IE,19.47,18.73,18.53,20.49,1013,48,nubes dispersas,Clouds,12.86,290,40,10000,53.344,-6.2672
2025-08-04 11:28:03,Dublin,IE,19.33,18.6,18.53,19.65,1013,49,nubes dispersas,Clouds,12.86,290,40,10000,53.344,-6.2672
2025-08-04 11:29:03,Dublin,IE,19.33,18.6,18.53,19.65,1013,49,nubes dispersas,Clouds,12.86,290,40,10000,53.344,-6.2672
2025-08-04 11:30:01,Dublin,IE,19.33,18.6,18.53,19.65,1013,49,nubes dispersas,Clouds,12.86,290,40,10000,53.344,-6.2672
2025-08-04 11:31:02,Dublin,IE,19.33,18.6,18.53,19.65,1013,49,nubes dispersas,Clouds,12.86,290,40,10000,53.344,-6.2672
2025-08-04 11:32:02,Dublin,IE,19.47,18.73,18.53,20.49,1013,48,nubes dispersas,Clouds,12.86,290,40,10000,53.344,-6.2672
2025-08-04 11:33:02,Dublin,IE,19.47,18.73,18.53,20.49,1013,48,nubes dispersas,Clouds,12.86,290,40,10000,53.344,-6.2672
2025-08-04 11:34:03,Dublin,IE,19.12,18.34,18.53,19.36,1014,48,nubes dispersas,Clouds,12.86,290,40,10000,53.344,-6.2672
2025-08-04 11:35:03,Dublin,IE,19.12,18.34,18.53,19.36,1014,48,nubes dispersas,Clouds,12.86,290,40,10000,53.344,-6.2672
2025-08-04 11:36:02,Dublin,IE,19.12,18.34,18.53,19.36,1014,48,nubes dispersas,Clouds,12.86,290,40,10000,53.344,-6.2672
2025-08-04 11:37:02,Dublin,IE,19.12,18.34,18.53,19.36,1014,48,nubes dispersas,Clouds,12.86,290,40,10000,53.344,-6.2672
2025-08-04 11:38:02,Dublin,IE,19.12,18.34,18.53,19.36,1014,48,nubes dispersas,Clouds,12.86,290,40,10000,53.344,-6.2672
2025-08-04 11:39:02,Dublin,IE,19.12,18.34,18.53,19.36,1014,48,nubes dispersas,Clouds,12.86,290,40,10000,53.344,-6.2672
2025-08-04 11:40:02,Dublin,IE,19.12,18.34,18.53,19.36,1014,48,nubes dispersas,Clouds,12.86,290,40,10000,53.344,-6.2672
2025-08-04 11:41:02,Dublin,IE,19.12,18.34,18.53,19.36,1014,48,nubes dispersas,Clouds,12.86,290,40,10000,53.344,-6.2672
2025-08-04 11:42:03,Dublin,IE,19.12,18.34,18.53,19.36,1014,48,nubes dispersas,Clouds,12.86,290,40,10000,53.344,-6.2672
2025-08-04 11:43:01,Dublin,IE,19.12,18.34,18.53,19.36,1014,48,nubes dispersas,Clouds,12.86,290,40,10000,53.344,-6.2672
2025-08-04 11:44:01,Dublin,IE,19.12,18.34,18.53,19.36,1014,48,nubes dispersas,Clouds,12.86,290,40,10000,53.344,-6.2672
2025-08-04 11:45:02,Dublin,IE,19.12,18.34,18.53,19.36,1014,48,nubes dispersas,Clouds,12.86,290,40,10000,53.344,-6.2672
2025-08-04 11:46:02,Dublin,IE,19.12,18.34,18.53,19.36,1014,48,nubes dispersas,Clouds,12.86,290,40,10000,53.344,-6.2672
2025-08-04 11:47:02,Dublin,IE,19.12,18.34,18.53,19.36,1014,48,nubes dispersas,Clouds,12.86,290,40,10000,53.344,-6.2672
2025-08-04 11:48:03,Dublin,IE,19.12,18.34,18.53,19.36,1014,48,nubes dispersas,Clouds,12.86,290,40,10000,53.344,-6.2672
2025-08-04 11:49:02,Dublin,IE,19.12,18.34,18.53,19.36,1014,48,nubes dispersas,Clouds,12.86,290,40,10000,53.344,-6.2672
2025-08-04 12:52:02,Dublin,IE,18.5,17.74,17.36,19.03,1015,51,algo de nubes,Clouds,10.29,270,20,10000,53.344,-6.2672
2025-08-04 14:16:02,Dublin,IE,17.28,16.58,16.44,17.43,1015,58,algo de nubes,Clouds,10.29,270,20,10000,53.344,-6.2672
2025-08-04 14:17:03,Dublin,IE,17.28,16.58,16.44,17.43,1015,58,algo de nubes,Clouds,10.29,270,20,10000,53.344,-6.2672
2025-08-04 14:18:02,Dublin,IE,17.28,16.58,16.44,17.43,1015,58,algo de nubes,Clouds,10.29,270,20,10000,53.344,-6.2672
2025-08-04 14:19:02,Dublin,IE,17.28,16.58,16.44,17.43,1015,58,algo de nubes,Clouds,10.29,270,20,10000,53.344,-6.2672
2025-08-04 14:20:02,Dublin,IE,17.28,16.58,16.44,17.43,1015,58,algo de nubes,Clouds,10.29,270,20,10000,53.344,-6.2672
2025-08-04 14:21:01,Dublin,IE,17.28,16.58,16.44,17.43,1015,58,algo de nubes,Clouds,10.29,270,20,10000,53.344,-6.2672
2025-08-04 14:22:01,Dublin,IE,17.28,16.58,16.44,17.43,1015,58,algo de nubes,Clouds,10.29,270,20,10000,53.344,-6.2672
2025-08-04 14:23:02,Dublin,IE,17.28,16.58,16.44,17.43,1015,58,algo de nubes,Clouds,10.29,270,20,10000,53.344,-6.2672
2025-08-04 14:24:02,Dublin,IE,17.28,16.58,16.44,17.43,1015,58,algo de nubes,Clouds,10.29,270,20,10000,53.344,-6.2672
2025-08-04 14:25:03,Dublin,IE,17.28,16.58,16.44,17.43,1015,58,algo de nubes,Clouds,10.29,270,20,10000,53.344,-6.2672
2025-08-04 14:26:02,Dublin,IE,16.75,16,15.88,17.43,1016,58,algo de nubes,Clouds,10.8,270,20,10000,53.344,-6.2672
2025-08-04 14:27:00,Dublin,IE,16.75,16,15.88,17.43,1016,58,algo de nubes,Clouds,10.8,270,20,10000,53.344,-6.2672
2025-08-04 14:28:01,Dublin,IE,16.75,16,15.88,17.43,1016,58,algo de nubes,Clouds,10.8,270,20,10000,53.344,-6.2672
2025-08-04 14:29:00,Dublin,IE,16.75,16,15.88,17.43,1016,58,algo de nubes,Clouds,10.8,270,20,10000,53.344,-6.2672
2025-08-04 14:30:00,Dublin,IE,16.75,16,15.88,17.43,1016,58,algo de nubes,Clouds,10.8,270,20,10000,53.344,-6.2672
2025-08-04 14:31:01,Dublin,IE,16.75,16,15.88,17.43,1016,58,algo de nubes,Clouds,10.8,270,20,10000,53.344,-6.2672
2025-08-04 14:32:02,Dublin,IE,16.75,16,15.88,17.43,1016,58,algo de nubes,Clouds,10.8,270,20,10000,53.344,-6.2672
2025-08-04 14:33:01,Dublin,IE,16.75,16,15.88,17.43,1016,58,algo de nubes,Clouds,10.8,270,20,10000,53.344,-6.2672
2025-08-04 14:34:00,Dublin,IE,16.75,16,15.88,17.43,1016,58,algo de nubes,Clouds,10.8,270,20,10000,53.344,-6.2672
2025-08-04 14:35:01,Dublin,IE,16.75,16,15.88,17.43,1016,58,algo de nubes,Clouds,10.8,270,20,10000,53.344,-6.2672
2025-08-04 14:36:02,Dublin,IE,16.75,16,15.88,17.43,1016,58,algo de nubes,Clouds,10.8,270,20,10000,53.344,-6.2672
2025-08-04 14:37:02,Dublin,IE,16.29,15.44,15.88,16.6,1016,56,algo de nubes,Clouds,10.8,270,20,10000,53.344,-6.2672
2025-08-04 14:38:00,Dublin,IE,16.29,15.44,15.88,16.6,1016,56,algo de nubes,Clouds,10.8,270,20,10000,53.344,-6.2672
2025-08-04 14:39:01,Dublin,IE,16.29,15.44,15.88,16.6,1016,56,algo de nubes,Clouds,10.8,270,20,10000,53.344,-6.2672
2025-08-04 14:40:02,Dublin,IE,16.29,15.44,15.88,16.6,1016,56,algo de nubes,Clouds,10.8,270,20,10000,53.344,-6.2672
2025-08-04 14:41:02,Dublin,IE,16.29,15.44,15.88,16.6,1016,56,algo de nubes,Clouds,10.8,270,20,10000,53.344,-6.2672
2025-08-04 14:42:01,Dublin,IE,16.29,15.44,15.88,16.6,1016,56,algo de nubes,Clouds,10.8,270,20,10000,53.344,-6.2672
2025-08-04 14:43:02,Dublin,IE,16.29,15.44,15.88,16.6,1016,56,algo de nubes,Clouds,10.8,270,20,10000,53.344,-6.2672
2025-08-04 14:44:00,Dublin,IE,16.29,15.44,15.88,16.6,1016,56,algo de nubes,Clouds,10.8,270,20,10000,53.344,-6.2672
2025-08-04 14:45:00,Dublin,IE,16.29,15.44,15.88,16.6,1016,56,algo de nubes,Clouds,10.8,270,20,10000,53.344,-6.2672
2025-08-04 14:46:00,Dublin,IE,16.29,15.44,15.88,16.6,1016,56,algo de nubes,Clouds,10.8,270,20,10000,53.344,-6.2672
2025-08-04 14:47:00,Dublin,IE,16.29,15.44,15.88,16.6,1016,56,algo de nubes,Clouds,10.8,270,20,10000,53.344,-6.2672
2025-08-04 14:48:00,Dublin,IE,16.29,15.44,15.88,16.6,1016,56,algo de nubes,Clouds,10.8,270,20,10000,53.344,-6.2672
2025-08-04 14:49:00,Dublin,IE,16.29,15.38,15.88,16.6,1016,54,algo de nubes,Clouds,10.29,270,20,10000,53.344,-6.2672
2025-08-04 14:50:00,Dublin,IE,16.29,15.38,15.88,16.6,1016,54,algo de nubes,Clouds,10.29,270,20,10000,53.344,-6.2672
2025-08-04 14:51:00,Dublin,IE,16.29,15.38,15.88,16.6,1016,54,algo de nubes,Clouds,10.29,270,20,10000,53.344,-6.2672
2025-08-04 14:52:00,Dublin,IE,16.29,15.38,15.88,16.6,1016,54,algo de nubes,Clouds,10.29,270,20,10000,53.344,-6.2672
2025-08-04 14:53:01,Dublin,IE,16.29,15.38,15.88,16.6,1016,54,algo de nubes,Clouds,10.29,270,20,10000,53.344,-6.2672
2025-08-04 14:54:00,Dublin,IE,16.29,15.38,15.88,16.6,1016,54,algo de nubes,Clouds,10.29,270,20,10000,53.344,-6.2672
2025-08-04 14:55:00,Dublin,IE,16.23,15.4,15.88,16.53,1016,57,algo de nubes,Clouds,10.29,270,20,10000,53.344,-6.2672
2025-08-04 14:56:00,Dublin,IE,16.23,15.4,15.88,16.53,1016,57,algo de nubes,Clouds,10.29,270,20,10000,53.344,-6.2672
2025-08-04 14:57:02,Dublin,IE,16.23,15.4,15.88,16.53,1016,57,algo de nubes,Clouds,10.29,270,20,10000,53.344,-6.2672
2025-08-04 14:58:02,Dublin,IE,16.23,15.4,15.88,16.53,1016,57,algo de nubes,Clouds,10.29,270,20,10000,53.344,-6.2672
2025-08-04 14:59:01,Dublin,IE,16.23,15.4,15.88,16.53,1016,57,algo de nubes,Clouds,10.29,270,20,10000,53.344,-6.2672
2025-08-04 15:00:00,Dublin,IE,16.23,15.4,15.88,16.53,1016,57,algo de nubes,Clouds,10.29,270,20,10000,53.344,-6.2672
